Title,File,Start Page,End Page
African Flower,realbk1-5th-ed.pdf,10,10
Afro Blue,realbk1-5th-ed.pdf,11,11
Afternoon In Paris,realbk1-5th-ed.pdf,12,12
Airegin,realbk1-5th-ed.pdf,13,13
Agua De Beber ,realbk1-5th-ed.pdf,14,15
Alfie,realbk1-5th-ed.pdf,16,16
Alice In Wonderland,realbk1-5th-ed.pdf,17,17
All Blues,realbk1-5th-ed.pdf,18,18
All By Myself,realbk1-5th-ed.pdf,19,19
All Of Me,realbk1-5th-ed.pdf,20,20
All Of You,realbk1-5th-ed.pdf,21,21
All The Things You Are,realbk1-5th-ed.pdf,22,22
Always,realbk1-5th-ed.pdf,23,23
Alright Okay You Win,realbk1-5th-ed.pdf,24,25
Ana Maria,realbk1-5th-ed.pdf,26,27
Angel Eyes,realbk1-5th-ed.pdf,28,28
Anthropology,realbk1-5th-ed.pdf,29,29
Apple Honey,realbk1-5th-ed.pdf,30,31
April In Paris,realbk1-5th-ed.pdf,32,32
April Joy,realbk1-5th-ed.pdf,33,33
Arise Her Eyes,realbk1-5th-ed.pdf,34,35
Armageddon,realbk1-5th-ed.pdf,36,36
Au Privave,realbk1-5th-ed.pdf,37,37
Autumn In New York,realbk1-5th-ed.pdf,38,38
Autumn Leaves,realbk1-5th-ed.pdf,39,39
Beautiful Love,realbk1-5th-ed.pdf,40,40
Beauty And The Blast,realbk1-5th-ed.pdf,41,41
Bessie's Blues,realbk1-5th-ed.pdf,42,42
Bewitched,realbk1-5th-ed.pdf,43,43
Big Nick,realbk1-5th-ed.pdf,44,44
Black Coffee,realbk1-5th-ed.pdf,45,45
Black Diamond,realbk1-5th-ed.pdf,46,46
Black Narcissus,realbk1-5th-ed.pdf,47,47
Black Nile,realbk1-5th-ed.pdf,48,48
Black Orpheus,realbk1-5th-ed.pdf,49,49
Blue Bossa,realbk1-5th-ed.pdf,50,50
Blue In Green,realbk1-5th-ed.pdf,51,51
Blue Monk,realbk1-5th-ed.pdf,52,52
Blue Room,realbk1-5th-ed.pdf,53,53
Blue Train (Blue Trane),realbk1-5th-ed.pdf,54,54
Blues For Alice,realbk1-5th-ed.pdf,55,55
Bluesette,realbk1-5th-ed.pdf,56,56
Body And Soul,realbk1-5th-ed.pdf,57,57
Boplicity,realbk1-5th-ed.pdf,58,58
Bright Size Life,realbk1-5th-ed.pdf,59,59
Broad Way Blues,realbk1-5th-ed.pdf,60,60
Broadway,realbk1-5th-ed.pdf,61,61
But Beautiful,realbk1-5th-ed.pdf,62,62
Butterfly,realbk1-5th-ed.pdf,63,63
Byrd Like,realbk1-5th-ed.pdf,64,64
C'est Si Bon (It's So Good),realbk1-5th-ed.pdf,65,65
Call Me,realbk1-5th-ed.pdf,66,66
Call Me Irresponsible,realbk1-5th-ed.pdf,67,67
Can't Hrlp Lovin' Dat Man,realbk1-5th-ed.pdf,68,68
Central Park West,realbk1-5th-ed.pdf,69,69
captain Marvel,realbk1-5th-ed.pdf,70,71
Ceora,realbk1-5th-ed.pdf,72,72
Chelsea Bells,realbk1-5th-ed.pdf,73,73
Chega De Saudade (No More Blues),realbk1-5th-ed.pdf,74,75
Chelsea Bridge,realbk1-5th-ed.pdf,76,76
Cherokee,realbk1-5th-ed.pdf,77,77
Cherry Pink And Apple Blossom White,realbk1-5th-ed.pdf,78,78
Child Is Born,realbk1-5th-ed.pdf,79,79
Chippie,realbk1-5th-ed.pdf,80,80
Chitlens Con Carne,realbk1-5th-ed.pdf,81,81
Come Sunday,realbk1-5th-ed.pdf,82,82
Como En Vietnam,realbk1-5th-ed.pdf,83,83
Con Alma,realbk1-5th-ed.pdf,84,85
Conception,realbk1-5th-ed.pdf,86,86
Confirmation,realbk1-5th-ed.pdf,87,87
Contemplation,realbk1-5th-ed.pdf,88,88
Coral,realbk1-5th-ed.pdf,89,89
Cottontail,realbk1-5th-ed.pdf,90,90
Could It Be You,realbk1-5th-ed.pdf,91,91
Countdown,realbk1-5th-ed.pdf,92,92
Crescent,realbk1-5th-ed.pdf,93,93
Crystal Silence,realbk1-5th-ed.pdf,94,94
D Natural Blues,realbk1-5th-ed.pdf,95,95
Daahoud,realbk1-5th-ed.pdf,96,97
Dancing On The Ceiling,realbk1-5th-ed.pdf,98,98
Darn That Dream,realbk1-5th-ed.pdf,99,99
Day Waves,realbk1-5th-ed.pdf,100,100
Days And Nights Waiting,realbk1-5th-ed.pdf,101,101
Days Of Wine And Roses,realbk1-5th-ed.pdf,102,102
Dearly Beloved,realbk1-5th-ed.pdf,103,103
Dedicated To You,realbk1-5th-ed.pdf,104,104
Detour Ahead,realbk1-5th-ed.pdf,105,105
Deluge,realbk1-5th-ed.pdf,106,107
Desafinado,realbk1-5th-ed.pdf,108,109
Desert Air,realbk1-5th-ed.pdf,110,111
Dexterity,realbk1-5th-ed.pdf,112,112
Dizzy Atmosphere,realbk1-5th-ed.pdf,113,113
Django,realbk1-5th-ed.pdf,114,115
Doin' The Pig,realbk1-5th-ed.pdf,116,117
Delores,realbk1-5th-ed.pdf,118,118
Dolphin Dance,realbk1-5th-ed.pdf,119,119
Domino Biscuit,realbk1-5th-ed.pdf,120,120
Don't Blame Me,realbk1-5th-ed.pdf,121,121
Don't Get Around Much Anymore,realbk1-5th-ed.pdf,122,122
Donna Lee,realbk1-5th-ed.pdf,123,123
Dream A Little Dream Of Me,realbk1-5th-ed.pdf,124,124
Dreamsville,realbk1-5th-ed.pdf,125,125
Easter Parade,realbk1-5th-ed.pdf,126,126
Easy Living,realbk1-5th-ed.pdf,127,127
Easy To Love,realbk1-5th-ed.pdf,128,128
Ecclusiastics,realbk1-5th-ed.pdf,129,129
Eighty One,realbk1-5th-ed.pdf,130,130
El Gaucho,realbk1-5th-ed.pdf,131,131
Epistrophy,realbk1-5th-ed.pdf,132,132
Equinox,realbk1-5th-ed.pdf,133,133
Equipoise,realbk1-5th-ed.pdf,134,134
E.S.P.,realbk1-5th-ed.pdf,135,135
Fall,realbk1-5th-ed.pdf,136,136
Falling Grace,realbk1-5th-ed.pdf,137,137
Falling In Love With Love,realbk1-5th-ed.pdf,138,138
Fee-Fi-Fo-Fum,realbk1-5th-ed.pdf,139,139
Fine Romance,realbk1-5th-ed.pdf,140,140
500 Miles High,realbk1-5th-ed.pdf,141,140
Five Hundred Miles High,realbk1-5th-ed.pdf,141,141
502 Blues,realbk1-5th-ed.pdf,142,142
Follow Your Heart,realbk1-5th-ed.pdf,143,143
Footprints,realbk1-5th-ed.pdf,144,144
For All We Know,realbk1-5th-ed.pdf,145,145
For Heavens Sake,realbk1-5th-ed.pdf,146,146
For Sentimental Reasons,realbk1-5th-ed.pdf,147,147
Forest Flower,realbk1-5th-ed.pdf,148,148
Four,realbk1-5th-ed.pdf,149,149
Four On Six,realbk1-5th-ed.pdf,150,150
Freddie The Freeloader,realbk1-5th-ed.pdf,151,151
Freedom Jazz Dance,realbk1-5th-ed.pdf,152,152
Gee Baby Ain't I Good To You,realbk1-5th-ed.pdf,153,153
Full House,realbk1-5th-ed.pdf,154,155
Gemini,realbk1-5th-ed.pdf,156,156
Giant Steps,realbk1-5th-ed.pdf,157,157
Girl From Ipanema,realbk1-5th-ed.pdf,158,158
Gloria's Step,realbk1-5th-ed.pdf,159,159
God Bless The Child,realbk1-5th-ed.pdf,160,160
Golden Lady,realbk1-5th-ed.pdf,161,161
Good Evening Mr. And Mrs.America,realbk1-5th-ed.pdf,162,163
Grand Central,realbk1-5th-ed.pdf,164,164
Green Mountains,realbk1-5th-ed.pdf,165,165
Groovin' High,realbk1-5th-ed.pdf,166,166
Grow Your Own,realbk1-5th-ed.pdf,167,167
Guilty,realbk1-5th-ed.pdf,168,168
Gypsy In My Soul,realbk1-5th-ed.pdf,169,169
Half Nelson,realbk1-5th-ed.pdf,170,171
Have You Met Miss Jones,realbk1-5th-ed.pdf,172,172
Heaven,realbk1-5th-ed.pdf,173,173
Heebie Jeebies,realbk1-5th-ed.pdf,174,174
Here's That Rainy Day,realbk1-5th-ed.pdf,175,175
Hello Young Lovers,realbk1-5th-ed.pdf,176,177
Hot Toddy,realbk1-5th-ed.pdf,178,178
House Of Jade,realbk1-5th-ed.pdf,179,179
How High The Moon,realbk1-5th-ed.pdf,180,180
How Insensitive,realbk1-5th-ed.pdf,181,181
How My Heart Sings,realbk1-5th-ed.pdf,182,182
Hullo Bolinas,realbk1-5th-ed.pdf,183,183
I Can't Get Started With You,realbk1-5th-ed.pdf,184,184
I Can't Give You Anything But Love,realbk1-5th-ed.pdf,185,185
I Could Write A Book,realbk1-5th-ed.pdf,186,186
I Got It Bad And That Ain't Good,realbk1-5th-ed.pdf,187,187
I Let A Song Go Out Of My Heart,realbk1-5th-ed.pdf,188,188
I Love Paris,realbk1-5th-ed.pdf,189,189
I Love You,realbk1-5th-ed.pdf,190,190
I Mean You,realbk1-5th-ed.pdf,191,191
I Remember Clifford,realbk1-5th-ed.pdf,192,193
I Should Care,realbk1-5th-ed.pdf,194,194
I Wish I Knew How It Would Feel To Be Free,realbk1-5th-ed.pdf,195,195
I'll Never Smile Again,realbk1-5th-ed.pdf,196,196
I'll Remember April,realbk1-5th-ed.pdf,197,197
I'm All Smiles,realbk1-5th-ed.pdf,198,199
I'm Beginning To See The Light,realbk1-5th-ed.pdf,200,200
I'm Your Pal,realbk1-5th-ed.pdf,201,201
Icarus,realbk1-5th-ed.pdf,202,203
If You Never Come To Me,realbk1-5th-ed.pdf,204,204
Impressions,realbk1-5th-ed.pdf,205,205
In A Mellow Tone,realbk1-5th-ed.pdf,206,206
In A Sentimental Mood,realbk1-5th-ed.pdf,207,207
In The Modd,realbk1-5th-ed.pdf,208,209
In The Wee Small Hours Of The Morning,realbk1-5th-ed.pdf,210,210
In Your Quiet Place,realbk1-5th-ed.pdf,211,211
Inchworm,realbk1-5th-ed.pdf,212,212
Indian Lady,realbk1-5th-ed.pdf,213,213
Inner Urge,realbk1-5th-ed.pdf,214,214
Interplay,realbk1-5th-ed.pdf,215,215
Intrepid Fox,realbk1-5th-ed.pdf,216,216
Invitation,realbk1-5th-ed.pdf,217,217
Iris,realbk1-5th-ed.pdf,218,218
Isn't It Romantic,realbk1-5th-ed.pdf,219,219
Is You Is Or Is You Ain't,realbk1-5th-ed.pdf,220,221
Isotope,realbk1-5th-ed.pdf,222,222
Israel,realbk1-5th-ed.pdf,223,223
It Don't Mean A Thing,realbk1-5th-ed.pdf,224,224
It's Easy To Remember,realbk1-5th-ed.pdf,225,225
Jelly Roll,realbk1-5th-ed.pdf,226,226
Jordu,realbk1-5th-ed.pdf,227,227
Journey To Recife,realbk1-5th-ed.pdf,228,228
Joy Spring,realbk1-5th-ed.pdf,229,229
Juju,realbk1-5th-ed.pdf,230,230
June In January,realbk1-5th-ed.pdf,231,231
Jump Monk,realbk1-5th-ed.pdf,232,233
Just One More Chance,realbk1-5th-ed.pdf,234,234
Lady Bird,realbk1-5th-ed.pdf,235,235
KELO,realbk1-5th-ed.pdf,236,237
Lady Sings The Blues,realbk1-5th-ed.pdf,238,238
Lament,realbk1-5th-ed.pdf,239,239
Las Vegas Tango,realbk1-5th-ed.pdf,240,240
Lazy Bird,realbk1-5th-ed.pdf,241,241
Lazy River,realbk1-5th-ed.pdf,242,242
Like Someone In Love,realbk1-5th-ed.pdf,243,243
Limehouse Blues,realbk1-5th-ed.pdf,244,244
Little Boat,realbk1-5th-ed.pdf,245,245
Lines And Spaces,realbk1-5th-ed.pdf,246,247
Litha,realbk1-5th-ed.pdf,248,249
Little Waltz,realbk1-5th-ed.pdf,250,250
Long Ago And Far Away,realbk1-5th-ed.pdf,251,251
Lonnie's Lament,realbk1-5th-ed.pdf,252,252
Look To The Sky,realbk1-5th-ed.pdf,253,253
Love Is The Sweetest Thing,realbk1-5th-ed.pdf,254,254
Lucky Southern,realbk1-5th-ed.pdf,255,255
Lullaby Of Birdland,realbk1-5th-ed.pdf,256,256
Magician In You The,realbk1-5th-ed.pdf,257,257
Lush Life,realbk1-5th-ed.pdf,258,259
Majoong,realbk1-5th-ed.pdf,260,260
Maiden Voyage,realbk1-5th-ed.pdf,261,261
Man And A Woman (A),realbk1-5th-ed.pdf,262,263
Man In The Green Shirt,realbk1-5th-ed.pdf,264,265
Meditation,realbk1-5th-ed.pdf,266,266
Memories Of Tomorrow,realbk1-5th-ed.pdf,267,267
Michelle,realbk1-5th-ed.pdf,268,268
Midnight Mood,realbk1-5th-ed.pdf,269,269
Midwestern Night Dream,realbk1-5th-ed.pdf,270,271
Milano,realbk1-5th-ed.pdf,272,272
Minority,realbk1-5th-ed.pdf,273,273
Miss Ann,realbk1-5th-ed.pdf,274,274
Missouri Uncompromised,realbk1-5th-ed.pdf,275,275
Mr. P.C.,realbk1-5th-ed.pdf,276,276
Misty,realbk1-5th-ed.pdf,277,277
Miyako,realbk1-5th-ed.pdf,278,278
Mood Indigo,realbk1-5th-ed.pdf,279,279
Moment's Notice,realbk1-5th-ed.pdf,280,281
Moonchild,realbk1-5th-ed.pdf,282,282
Most Beautiful Girl In The World (The),realbk1-5th-ed.pdf,283,283
My Buddy,realbk1-5th-ed.pdf,284,284
My Favorite Things,realbk1-5th-ed.pdf,285,285
My Foolish Heart,realbk1-5th-ed.pdf,286,286
My Funny Valentine,realbk1-5th-ed.pdf,287,287
My One And Only Love,realbk1-5th-ed.pdf,288,288
My Romance,realbk1-5th-ed.pdf,289,289
My Shining Hour,realbk1-5th-ed.pdf,290,290
My Ship,realbk1-5th-ed.pdf,291,291
My Way,realbk1-5th-ed.pdf,292,292
Naima,realbk1-5th-ed.pdf,293,293
Mysterious Traveller,realbk1-5th-ed.pdf,294,295
Nardis,realbk1-5th-ed.pdf,296,296
Nefertiti,realbk1-5th-ed.pdf,297,297
Never Will I Marry,realbk1-5th-ed.pdf,298,298
Nica's Dream,realbk1-5th-ed.pdf,299,299
Night Dreamer,realbk1-5th-ed.pdf,300,300
Night Has A Thousand Eyes,realbk1-5th-ed.pdf,301,301
Night In Tunisia(A),realbk1-5th-ed.pdf,302,302
Nobody Know You When You're down and Out,realbk1-5th-ed.pdf,303,303
Night Train,realbk1-5th-ed.pdf,304,305
Nostalgia In Times Square,realbk1-5th-ed.pdf,306,306
Nuages,realbk1-5th-ed.pdf,307,307
Old Man From the Old Country,realbk1-5th-ed.pdf,308,308
Oleo,realbk1-5th-ed.pdf,309,309
Olinoqui Valley,realbk1-5th-ed.pdf,310,310
Once I Loved,realbk1-5th-ed.pdf,311,311
Once In Love With Amy,realbk1-5th-ed.pdf,312,312
One Finger Snap,realbk1-5th-ed.pdf,313,313
One Note Samba,realbk1-5th-ed.pdf,314,315
Orbits,realbk1-5th-ed.pdf,316,316
Ornithology,realbk1-5th-ed.pdf,317,317
Out Of Nowhere,realbk1-5th-ed.pdf,318,318
Paper Doll,realbk1-5th-ed.pdf,319,319
Passion Dance,realbk1-5th-ed.pdf,320,320
Passion Flower,realbk1-5th-ed.pdf,321,321
Peace,realbk1-5th-ed.pdf,322,322
Peggy's Blue Skylight,realbk1-5th-ed.pdf,323,323
Pent-Up House,realbk1-5th-ed.pdf,324,324
Penthouse Serenade,realbk1-5th-ed.pdf,325,325
Peri's Scope,realbk1-5th-ed.pdf,326,326
Pfrancing (No Blues),realbk1-5th-ed.pdf,327,327
Pinocchio,realbk1-5th-ed.pdf,328,328
Pithycanthropus Erectus,realbk1-5th-ed.pdf,329,329
Portsmouth Figurations,realbk1-5th-ed.pdf,330,330
Prelude To A Kiss,realbk1-5th-ed.pdf,331,331
Prince Of Darkness,realbk1-5th-ed.pdf,332,332
P.S. I Love You,realbk1-5th-ed.pdf,333,333
Pussy Cat Dues,realbk1-5th-ed.pdf,334,334
Corcovado,realbk1-5th-ed.pdf,335,334
Quiet Night Of Quiet Stars (Corcovado),realbk1-5th-ed.pdf,335,335
Quiet Now,realbk1-5th-ed.pdf,336,336
Recorda-Me,realbk1-5th-ed.pdf,337,337
Red Clay,realbk1-5th-ed.pdf,338,339
Reflections,realbk1-5th-ed.pdf,340,340
Ring Dem Bells,realbk1-5th-ed.pdf,341,341
Reincarnation Of A Lovebird,realbk1-5th-ed.pdf,342,343
Road Song,realbk1-5th-ed.pdf,344,344
Round Midnight,realbk1-5th-ed.pdf,345,345
Ruby My Dear,realbk1-5th-ed.pdf,346,347
Saga Of Harrison Crabpeathers,realbk1-5th-ed.pdf,348,348
Satin Doll,realbk1-5th-ed.pdf,349,349
Scotch And Soda,realbk1-5th-ed.pdf,350,350
Scrapple From The Apple,realbk1-5th-ed.pdf,351,351
Sea Journey,realbk1-5th-ed.pdf,352,353
Seven Come Eleven,realbk1-5th-ed.pdf,354,354
Sidewinder,realbk1-5th-ed.pdf,355,355
Seven Steps To Heaven,realbk1-5th-ed.pdf,356,357
Silver Hollow,realbk1-5th-ed.pdf,358,358
Sirabhorn,realbk1-5th-ed.pdf,359,359
Skating In Central Park,realbk1-5th-ed.pdf,360,361
So Nice (Summer Samba),realbk1-5th-ed.pdf,362,362
Solar,realbk1-5th-ed.pdf,363,363
So What,realbk1-5th-ed.pdf,364,365
Solitude,realbk1-5th-ed.pdf,366,366
Someday My Prince Will Come,realbk1-5th-ed.pdf,367,367
Some Other Spring,realbk1-5th-ed.pdf,368,368
Somebody Love Me,realbk1-5th-ed.pdf,369,369
Some Skunk Funk,realbk1-5th-ed.pdf,370,371
Sometime Ago,realbk1-5th-ed.pdf,372,372
Song For My Father,realbk1-5th-ed.pdf,373,373
Song Is You,realbk1-5th-ed.pdf,374,375
Sophisticated Lady,realbk1-5th-ed.pdf,376,376
Sorcerer,realbk1-5th-ed.pdf,377,377
Speak No Evil,realbk1-5th-ed.pdf,378,378
Sphinx (The),realbk1-5th-ed.pdf,379,379
Standing On The Corner,realbk1-5th-ed.pdf,380,380
Star-Crossed Lovers,realbk1-5th-ed.pdf,381,381
Stella By Starlight,realbk1-5th-ed.pdf,382,382
Steps,realbk1-5th-ed.pdf,383,383
Stolen Moments,realbk1-5th-ed.pdf,384,384
Stompin' At The Savoy,realbk1-5th-ed.pdf,385,385
Straight No Chaser,realbk1-5th-ed.pdf,386,386
Sugar,realbk1-5th-ed.pdf,387,387
String Of Pearls,realbk1-5th-ed.pdf,388,389
Stuff,realbk1-5th-ed.pdf,390,391
Sunday Kind Of Love,realbk1-5th-ed.pdf,392,392
Surrey With The Fringe On Top,realbk1-5th-ed.pdf,393,393
Swedish Pastry,realbk1-5th-ed.pdf,394,394
Sweet Georgia Bright,realbk1-5th-ed.pdf,395,395
Sweet Henry,realbk1-5th-ed.pdf,396,396
Take Five,realbk1-5th-ed.pdf,397,397
Take The A Train,realbk1-5th-ed.pdf,398,398
Thanks For The Memory,realbk1-5th-ed.pdf,399,399
Tame Thy Pen,realbk1-5th-ed.pdf,400,401
Tell Me A Bedtime Story,realbk1-5th-ed.pdf,402,403
That's Amore,realbk1-5th-ed.pdf,404,405
There Is No Greater Love,realbk1-5th-ed.pdf,406,406
There Will Never Be Another You,realbk1-5th-ed.pdf,407,407
There'll Be Some Changes Made,realbk1-5th-ed.pdf,408,408
They Didn't Believe Me,realbk1-5th-ed.pdf,409,409
Think On Me,realbk1-5th-ed.pdf,410,410
Thou Swell,realbk1-5th-ed.pdf,411,411
Three Flowers,realbk1-5th-ed.pdf,412,412
Time Remembered,realbk1-5th-ed.pdf,413,413
Tones For Joan's Bones,realbk1-5th-ed.pdf,414,414
Topsy,realbk1-5th-ed.pdf,415,415
Tour De Force,realbk1-5th-ed.pdf,416,416
Triste,realbk1-5th-ed.pdf,417,417
Tune-Up,realbk1-5th-ed.pdf,418,418
Turn Out The Stars,realbk1-5th-ed.pdf,419,419
Twisted Blues,realbk1-5th-ed.pdf,420,420
Unquity Road,realbk1-5th-ed.pdf,421,421
Unchain My Heart,realbk1-5th-ed.pdf,422,423
Unity Village,realbk1-5th-ed.pdf,424,424
Up Jumped Spring,realbk1-5th-ed.pdf,425,425
Upper Manhattan Medical Group,realbk1-5th-ed.pdf,426,426
Valse Hot,realbk1-5th-ed.pdf,427,427
Very Early,realbk1-5th-ed.pdf,428,428
Virgo,realbk1-5th-ed.pdf,429,429
Wait Till You See Her,realbk1-5th-ed.pdf,430,430
Wave,realbk1-5th-ed.pdf,431,431
Waltz For Debby,realbk1-5th-ed.pdf,432,433
We'll Be Together Again,realbk1-5th-ed.pdf,434,434
Well You Needn't,realbk1-5th-ed.pdf,435,435
West Coast Blues,realbk1-5th-ed.pdf,436,436
What Am I Here For,realbk1-5th-ed.pdf,437,437
What Was,realbk1-5th-ed.pdf,438,438
When I Fall In Love,realbk1-5th-ed.pdf,439,439
When Sunny Gets Blue,realbk1-5th-ed.pdf,440,440
When You Wish Upon A Star,realbk1-5th-ed.pdf,441,441
Whispering,realbk1-5th-ed.pdf,442,442
Windows,realbk1-5th-ed.pdf,443,443
Wild Flower,realbk1-5th-ed.pdf,444,445
Witch Hunt,realbk1-5th-ed.pdf,446,446
Woodchopper's Ball,realbk1-5th-ed.pdf,447,447
Wives And Lovers,realbk1-5th-ed.pdf,448,449
Woody'n You,realbk1-5th-ed.pdf,450,450
World Is Waiting For The Sunrise (The),realbk1-5th-ed.pdf,451,451
Yes Or No,realbk1-5th-ed.pdf,452,452
Yesterday,realbk1-5th-ed.pdf,453,453
Yesterdays,realbk1-5th-ed.pdf,454,454
You Are Too Beautiful,realbk1-5th-ed.pdf,455,455
You Are The Sunshine Of My Life,realbk1-5th-ed.pdf,456,457
You Brought A New Kind Of Love To Me,realbk1-5th-ed.pdf,458,458
You Don't Know What Love Is,realbk1-5th-ed.pdf,459,459
You Took Advantage Of Me,realbk1-5th-ed.pdf,460,460
No Name, realbk1-5th-ed.pdf, 461, 462
Midwestern Nights Dream, 463,464
Spain, 465,467
Alfie,realbk1-5th-ed.pdf,468,468
Black Monday,realbk1-5th-ed.pdf,469,469
Contemplation,realbk1-5th-ed.pdf,470,470
The Disguise The Sphinx,realbk1-5th-ed.pdf,471,471
Kelo,realbk1-5th-ed.pdf,472,472
I'm Afraid,realbk1-5th-ed.pdf,473,473
Mr. Jin,realbk1-5th-ed.pdf,474,474
Olinoqui Valley,realbk1-5th-ed.pdf,475,475
Plain Jane,realbk1-5th-ed.pdf,476,476
Perfect Love,realbk1-5th-ed.pdf,477,477
Reflections,realbk1-5th-ed.pdf,478,478
Road Song,realbk1-5th-ed.pdf,479,479
Valse Hot,realbk1-5th-ed.pdf,480,480